source	reason	detail
kfm/pics/exclamation.xpm	non-icon-aspect	16x48
kfm/pics/info.xpm	malformed-xpm	unknown XPM palette key 'o'
kfm/pics/question.xpm	non-icon-aspect	16x48
kscreensaver/pixmaps/bat-0.xpm	non-icon-dimensions	147x108
kscreensaver/pixmaps/bat-1.xpm	non-icon-dimensions	147x108
kscreensaver/pixmaps/bat-2.xpm	non-icon-dimensions	147x108
kscreensaver/pixmaps/bat-3.xpm	non-icon-dimensions	147x108
kscreensaver/pixmaps/bat-4.xpm	non-icon-dimensions	147x108
pics/kpanel.xpm	non-icon-aspect	22x48
