icon_name	target_size	category	source	source_dimensions	decoder
3floppy-mount	16	apps	pics/3floppy_mount.xpm	32x32	pillow
3floppy-mount	22	apps	pics/3floppy_mount.xpm	32x32	pillow
3floppy-mount	24	apps	pics/3floppy_mount.xpm	32x32	pillow
3floppy-mount	32	apps	pics/3floppy_mount.xpm	32x32	pillow
3floppy-mount	48	apps	pics/3floppy_mount.xpm	32x32	pillow
3floppy-unmount	16	apps	pics/3floppy_unmount.xpm	32x32	pillow
3floppy-unmount	22	apps	pics/3floppy_unmount.xpm	32x32	pillow
3floppy-unmount	24	apps	pics/3floppy_unmount.xpm	32x32	pillow
3floppy-unmount	32	apps	pics/3floppy_unmount.xpm	32x32	pillow
3floppy-unmount	48	apps	pics/3floppy_unmount.xpm	32x32	pillow
5floppy-mount	16	apps	pics/5floppy_mount.xpm	32x32	xpm-fallback
5floppy-mount	22	apps	pics/5floppy_mount.xpm	32x32	xpm-fallback
5floppy-mount	24	apps	pics/5floppy_mount.xpm	32x32	xpm-fallback
5floppy-mount	32	apps	pics/5floppy_mount.xpm	32x32	xpm-fallback
5floppy-mount	48	apps	pics/5floppy_mount.xpm	32x32	xpm-fallback
5floppy-unmount	16	apps	pics/5floppy_unmount.xpm	32x32	xpm-fallback
5floppy-unmount	22	apps	pics/5floppy_unmount.xpm	32x32	xpm-fallback
5floppy-unmount	24	apps	pics/5floppy_unmount.xpm	32x32	xpm-fallback
5floppy-unmount	32	apps	pics/5floppy_unmount.xpm	32x32	xpm-fallback
5floppy-unmount	48	apps	pics/5floppy_unmount.xpm	32x32	xpm-fallback
archive	16	mimetypes	kfind/pics/archive.xpm	22x22	pillow
archive	22	mimetypes	kfind/pics/archive.xpm	22x22	pillow
archive	24	mimetypes	kfind/pics/archive.xpm	22x22	pillow
archive	32	mimetypes	kfind/pics/archive.xpm	22x22	pillow
archive	48	mimetypes	kfind/pics/archive.xpm	22x22	pillow
back	16	actions	pics/toolbar/back.xpm	22x22	pillow
back	22	actions	pics/toolbar/back.xpm	22x22	pillow
back	24	actions	pics/toolbar/back.xpm	22x22	pillow
back	32	actions	pics/toolbar/back.xpm	22x22	pillow
back	48	actions	pics/toolbar/back.xpm	22x22	pillow
ball	16	apps	kmenuedit/icons/mini-ball.xpm	16x14	xpm-fallback
ball	22	apps	kmenuedit/icons/mini-ball.xpm	16x14	xpm-fallback
ball	24	apps	kmenuedit/icons/mini-ball.xpm	16x14	xpm-fallback
ball	32	apps	kmenuedit/icons/mini-ball.xpm	16x14	xpm-fallback
ball	48	apps	kmenuedit/icons/mini-ball.xpm	16x14	xpm-fallback
bball	16	apps	kmenuedit/icons/mini-bball.xpm	16x14	xpm-fallback
bball	22	apps	kmenuedit/icons/mini-bball.xpm	16x14	xpm-fallback
bball	24	apps	kmenuedit/icons/mini-bball.xpm	16x14	xpm-fallback
bball	32	apps	kmenuedit/icons/mini-bball.xpm	16x14	xpm-fallback
bball	48	apps	kmenuedit/icons/mini-bball.xpm	16x14	xpm-fallback
binary	16	mimetypes	pics/binary.xpm	32x32	xpm-fallback
binary	22	mimetypes	pics/binary.xpm	32x32	xpm-fallback
binary	24	mimetypes	pics/binary.xpm	32x32	xpm-fallback
binary	32	mimetypes	pics/binary.xpm	32x32	xpm-fallback
binary	48	mimetypes	pics/binary.xpm	32x32	xpm-fallback
blockdevice	16	apps	pics/blockdevice.xpm	32x32	xpm-fallback
blockdevice	22	apps	pics/blockdevice.xpm	32x32	xpm-fallback
blockdevice	24	apps	pics/blockdevice.xpm	32x32	xpm-fallback
blockdevice	32	apps	pics/blockdevice.xpm	32x32	xpm-fallback
blockdevice	48	apps	pics/blockdevice.xpm	32x32	xpm-fallback
bomb	16	apps	kmenuedit/icons/mini-bomb.xpm	16x14	xpm-fallback
bomb	22	apps	kmenuedit/icons/mini-bomb.xpm	16x14	xpm-fallback
bomb	24	apps	kmenuedit/icons/mini-bomb.xpm	16x14	xpm-fallback
bomb	32	apps	kmenuedit/icons/mini-bomb.xpm	16x14	xpm-fallback
bomb	48	apps	kmenuedit/icons/mini-bomb.xpm	16x14	xpm-fallback
book1	16	apps	kmenuedit/icons/mini-book1.xpm	16x14	xpm-fallback
book1	22	apps	kmenuedit/icons/mini-book1.xpm	16x14	xpm-fallback
book1	24	apps	kmenuedit/icons/mini-book1.xpm	16x14	xpm-fallback
book1	32	apps	kmenuedit/icons/mini-book1.xpm	16x14	xpm-fallback
book1	48	apps	kmenuedit/icons/mini-book1.xpm	16x14	xpm-fallback
book2	16	apps	kmenuedit/icons/mini-book2.xpm	16x14	xpm-fallback
book2	22	apps	kmenuedit/icons/mini-book2.xpm	16x14	xpm-fallback
book2	24	apps	kmenuedit/icons/mini-book2.xpm	16x14	xpm-fallback
book2	32	apps	kmenuedit/icons/mini-book2.xpm	16x14	xpm-fallback
book2	48	apps	kmenuedit/icons/mini-book2.xpm	16x14	xpm-fallback
bottom	16	actions	pics/toolbar/bottom.xpm	22x22	pillow
bottom	22	actions	pics/toolbar/bottom.xpm	22x22	pillow
bottom	24	actions	pics/toolbar/bottom.xpm	22x22	pillow
bottom	32	actions	pics/toolbar/bottom.xpm	22x22	pillow
bottom	48	actions	pics/toolbar/bottom.xpm	22x22	pillow
bug1	16	apps	kmenuedit/icons/mini-bug1.xpm	16x14	xpm-fallback
bug1	22	apps	kmenuedit/icons/mini-bug1.xpm	16x14	xpm-fallback
bug1	24	apps	kmenuedit/icons/mini-bug1.xpm	16x14	xpm-fallback
bug1	32	apps	kmenuedit/icons/mini-bug1.xpm	16x14	xpm-fallback
bug1	48	apps	kmenuedit/icons/mini-bug1.xpm	16x14	xpm-fallback
bug2	16	apps	kmenuedit/icons/mini-bug2.xpm	16x14	xpm-fallback
bug2	22	apps	kmenuedit/icons/mini-bug2.xpm	16x14	xpm-fallback
bug2	24	apps	kmenuedit/icons/mini-bug2.xpm	16x14	xpm-fallback
bug2	32	apps	kmenuedit/icons/mini-bug2.xpm	16x14	xpm-fallback
bug2	48	apps	kmenuedit/icons/mini-bug2.xpm	16x14	xpm-fallback
bx2	16	apps	kmenuedit/icons/mini-bx2.xpm	16x14	xpm-fallback
bx2	22	apps	kmenuedit/icons/mini-bx2.xpm	16x14	xpm-fallback
bx2	24	apps	kmenuedit/icons/mini-bx2.xpm	16x14	xpm-fallback
bx2	32	apps	kmenuedit/icons/mini-bx2.xpm	16x14	xpm-fallback
bx2	48	apps	kmenuedit/icons/mini-bx2.xpm	16x14	xpm-fallback
c-src	16	apps	pics/c_src.xpm	32x32	xpm-fallback
c-src	22	apps	pics/c_src.xpm	32x32	xpm-fallback
c-src	24	apps	pics/c_src.xpm	32x32	xpm-fallback
c-src	32	apps	pics/c_src.xpm	32x32	xpm-fallback
c-src	48	apps	pics/c_src.xpm	32x32	xpm-fallback
calc	16	apps	kmenuedit/icons/mini-calc.xpm	16x14	xpm-fallback
calc	22	apps	kmenuedit/icons/mini-calc.xpm	16x14	xpm-fallback
calc	24	apps	kmenuedit/icons/mini-calc.xpm	16x14	xpm-fallback
calc	32	apps	kmenuedit/icons/mini-calc.xpm	16x14	xpm-fallback
calc	48	apps	kmenuedit/icons/mini-calc.xpm	16x14	xpm-fallback
camera	16	apps	kmenuedit/icons/mini-camera.xpm	16x14	xpm-fallback
camera	22	apps	kmenuedit/icons/mini-camera.xpm	16x14	xpm-fallback
camera	24	apps	kmenuedit/icons/mini-camera.xpm	16x14	xpm-fallback
camera	32	apps	kmenuedit/icons/mini-camera.xpm	16x14	xpm-fallback
camera	48	apps	kmenuedit/icons/mini-camera.xpm	16x14	xpm-fallback
cdlabel	16	apps	kmenuedit/icons/mini-cdlabel.xpm	16x14	xpm-fallback
cdlabel	22	apps	kmenuedit/icons/mini-cdlabel.xpm	16x14	xpm-fallback
cdlabel	24	apps	kmenuedit/icons/mini-cdlabel.xpm	16x14	xpm-fallback
cdlabel	32	apps	kmenuedit/icons/mini-cdlabel.xpm	16x14	xpm-fallback
cdlabel	48	apps	kmenuedit/icons/mini-cdlabel.xpm	16x14	xpm-fallback
cdrom-mount	16	places	pics/cdrom_mount.xpm	32x32	xpm-fallback
cdrom-mount	22	places	pics/cdrom_mount.xpm	32x32	xpm-fallback
cdrom-mount	24	places	pics/cdrom_mount.xpm	32x32	xpm-fallback
cdrom-mount	32	places	pics/cdrom_mount.xpm	32x32	xpm-fallback
cdrom-mount	48	places	pics/cdrom_mount.xpm	32x32	xpm-fallback
cdrom-unmount	16	places	pics/cdrom_unmount.xpm	32x32	xpm-fallback
cdrom-unmount	22	places	pics/cdrom_unmount.xpm	32x32	xpm-fallback
cdrom-unmount	24	places	pics/cdrom_unmount.xpm	32x32	xpm-fallback
cdrom-unmount	32	places	pics/cdrom_unmount.xpm	32x32	xpm-fallback
cdrom-unmount	48	places	pics/cdrom_unmount.xpm	32x32	xpm-fallback
chardevice	16	apps	pics/chardevice.xpm	32x32	xpm-fallback
chardevice	22	apps	pics/chardevice.xpm	32x32	xpm-fallback
chardevice	24	apps	pics/chardevice.xpm	32x32	xpm-fallback
chardevice	32	apps	pics/chardevice.xpm	32x32	xpm-fallback
chardevice	48	apps	pics/chardevice.xpm	32x32	xpm-fallback
clock	16	apps	kmenuedit/icons/mini-clock.xpm	16x14	xpm-fallback
clock	22	apps	kmenuedit/icons/mini-clock.xpm	16x14	xpm-fallback
clock	24	apps	kmenuedit/icons/mini-clock.xpm	16x14	xpm-fallback
clock	32	apps	kmenuedit/icons/mini-clock.xpm	16x14	xpm-fallback
clock	48	apps	kmenuedit/icons/mini-clock.xpm	16x14	xpm-fallback
closed	16	apps	pics/closed.xpm	15x13	xpm-fallback
closed	22	apps	pics/closed.xpm	15x13	xpm-fallback
closed	24	apps	pics/closed.xpm	15x13	xpm-fallback
closed	32	apps	pics/closed.xpm	15x13	xpm-fallback
closed	48	apps	pics/closed.xpm	15x13	xpm-fallback
colors	16	apps	kmenuedit/icons/mini-colors.xpm	16x14	xpm-fallback
colors	22	apps	kmenuedit/icons/mini-colors.xpm	16x14	xpm-fallback
colors	24	apps	kmenuedit/icons/mini-colors.xpm	16x14	xpm-fallback
colors	32	apps	kmenuedit/icons/mini-colors.xpm	16x14	xpm-fallback
colors	48	apps	kmenuedit/icons/mini-colors.xpm	16x14	xpm-fallback
connect	16	apps	kmenuedit/icons/mini-connect.xpm	16x14	xpm-fallback
connect	22	apps	kmenuedit/icons/mini-connect.xpm	16x14	xpm-fallback
connect	24	apps	kmenuedit/icons/mini-connect.xpm	16x14	xpm-fallback
connect	32	apps	kmenuedit/icons/mini-connect.xpm	16x14	xpm-fallback
connect	48	apps	kmenuedit/icons/mini-connect.xpm	16x14	xpm-fallback
connected	16	apps	kmenuedit/icons/mini-connected.xpm	16x14	pillow
connected	22	apps	kmenuedit/icons/mini-connected.xpm	16x14	pillow
connected	24	apps	kmenuedit/icons/mini-connected.xpm	16x14	pillow
connected	32	apps	kmenuedit/icons/mini-connected.xpm	16x14	pillow
connected	48	apps	kmenuedit/icons/mini-connected.xpm	16x14	pillow
contents	16	actions	pics/toolbar/contents.xpm	22x22	pillow
contents	22	actions	pics/toolbar/contents.xpm	22x22	pillow
contents	24	actions	pics/toolbar/contents.xpm	22x22	pillow
contents	32	actions	pics/toolbar/contents.xpm	22x22	pillow
contents	48	actions	pics/toolbar/contents.xpm	22x22	pillow
core	16	apps	pics/core.xpm	32x32	xpm-fallback
core	22	apps	pics/core.xpm	32x32	xpm-fallback
core	24	apps	pics/core.xpm	32x32	xpm-fallback
core	32	apps	pics/core.xpm	32x32	xpm-fallback
core	48	apps	pics/core.xpm	32x32	xpm-fallback
cross	16	apps	kmenuedit/icons/mini-cross.xpm	16x14	xpm-fallback
cross	22	apps	kmenuedit/icons/mini-cross.xpm	16x14	xpm-fallback
cross	24	apps	kmenuedit/icons/mini-cross.xpm	16x14	xpm-fallback
cross	32	apps	kmenuedit/icons/mini-cross.xpm	16x14	xpm-fallback
cross	48	apps	kmenuedit/icons/mini-cross.xpm	16x14	xpm-fallback
default	16	apps	kdm/pics/default.xpm	64x64	xpm-fallback
default	22	apps	kdm/pics/default.xpm	64x64	xpm-fallback
default	24	apps	kdm/pics/default.xpm	64x64	xpm-fallback
default	32	apps	kdm/pics/default.xpm	64x64	xpm-fallback
default	48	apps	kdm/pics/default.xpm	64x64	xpm-fallback
default2	16	apps	kdm/pics/default2.xpm	71x66	xpm-fallback
default2	22	apps	kdm/pics/default2.xpm	71x66	xpm-fallback
default2	24	apps	kdm/pics/default2.xpm	71x66	xpm-fallback
default2	32	apps	kdm/pics/default2.xpm	71x66	xpm-fallback
default2	48	apps	kdm/pics/default2.xpm	71x66	xpm-fallback
delete	16	actions	kfind/pics/delete.xpm	22x22	xpm-fallback
delete	22	actions	kfind/pics/delete.xpm	22x22	xpm-fallback
delete	24	actions	kfind/pics/delete.xpm	22x22	xpm-fallback
delete	32	actions	kfind/pics/delete.xpm	22x22	xpm-fallback
delete	48	actions	kfind/pics/delete.xpm	22x22	xpm-fallback
devious	16	actions	pics/toolbar/devious.xpm	22x22	pillow
devious	22	actions	pics/toolbar/devious.xpm	22x22	pillow
devious	24	actions	pics/toolbar/devious.xpm	22x22	pillow
devious	32	actions	pics/toolbar/devious.xpm	22x22	pillow
devious	48	actions	pics/toolbar/devious.xpm	22x22	pillow
display	16	apps	kmenuedit/icons/mini-display.xpm	16x14	xpm-fallback
display	22	apps	kmenuedit/icons/mini-display.xpm	16x14	xpm-fallback
display	24	apps	kmenuedit/icons/mini-display.xpm	16x14	xpm-fallback
display	32	apps	kmenuedit/icons/mini-display.xpm	16x14	xpm-fallback
display	48	apps	kmenuedit/icons/mini-display.xpm	16x14	xpm-fallback
doc	16	apps	kmenuedit/icons/mini-doc.xpm	16x14	xpm-fallback
doc	22	apps	kmenuedit/icons/mini-doc.xpm	16x14	xpm-fallback
doc	24	apps	kmenuedit/icons/mini-doc.xpm	16x14	xpm-fallback
doc	32	apps	kmenuedit/icons/mini-doc.xpm	16x14	xpm-fallback
doc	48	apps	kmenuedit/icons/mini-doc.xpm	16x14	xpm-fallback
document	16	mimetypes	pics/document.xpm	32x32	xpm-fallback
document	22	mimetypes	pics/document.xpm	32x32	xpm-fallback
document	24	mimetypes	pics/document.xpm	32x32	xpm-fallback
document	32	mimetypes	pics/document.xpm	32x32	xpm-fallback
document	48	mimetypes	pics/document.xpm	32x32	xpm-fallback
down	16	actions	pics/toolbar/down.xpm	22x22	pillow
down	22	actions	pics/toolbar/down.xpm	22x22	pillow
down	24	actions	pics/toolbar/down.xpm	22x22	pillow
down	32	actions	pics/toolbar/down.xpm	22x22	pillow
down	48	actions	pics/toolbar/down.xpm	22x22	pillow
dvi	16	apps	pics/dvi.xpm	32x32	xpm-fallback
dvi	22	apps	pics/dvi.xpm	32x32	xpm-fallback
dvi	24	apps	pics/dvi.xpm	32x32	xpm-fallback
dvi	32	apps	pics/dvi.xpm	32x32	xpm-fallback
dvi	48	apps	pics/dvi.xpm	32x32	xpm-fallback
edit	16	actions	kmenuedit/icons/mini-edit.xpm	16x14	pillow
edit	22	actions	kmenuedit/icons/mini-edit.xpm	16x14	pillow
edit	24	actions	kmenuedit/icons/mini-edit.xpm	16x14	pillow
edit	32	actions	kmenuedit/icons/mini-edit.xpm	16x14	pillow
edit	48	actions	kmenuedit/icons/mini-edit.xpm	16x14	pillow
editcopy	16	actions	pics/toolbar/editcopy.xpm	22x22	pillow
editcopy	22	actions	pics/toolbar/editcopy.xpm	22x22	pillow
editcopy	24	actions	pics/toolbar/editcopy.xpm	22x22	pillow
editcopy	32	actions	pics/toolbar/editcopy.xpm	22x22	pillow
editcopy	48	actions	pics/toolbar/editcopy.xpm	22x22	pillow
editcut	16	actions	pics/toolbar/editcut.xpm	22x22	pillow
editcut	22	actions	pics/toolbar/editcut.xpm	22x22	pillow
editcut	24	actions	pics/toolbar/editcut.xpm	22x22	pillow
editcut	32	actions	pics/toolbar/editcut.xpm	22x22	pillow
editcut	48	actions	pics/toolbar/editcut.xpm	22x22	pillow
editpaste	16	actions	pics/toolbar/editpaste.xpm	22x22	pillow
editpaste	22	actions	pics/toolbar/editpaste.xpm	22x22	pillow
editpaste	24	actions	pics/toolbar/editpaste.xpm	22x22	pillow
editpaste	32	actions	pics/toolbar/editpaste.xpm	22x22	pillow
editpaste	48	actions	pics/toolbar/editpaste.xpm	22x22	pillow
error	16	apps	kfm/pics/error.xpm	48x48	xpm-fallback
error	22	apps	kfm/pics/error.xpm	48x48	xpm-fallback
error	24	apps	kfm/pics/error.xpm	48x48	xpm-fallback
error	32	apps	kfm/pics/error.xpm	48x48	xpm-fallback
error	48	apps	kfm/pics/error.xpm	48x48	xpm-fallback
exclam	16	apps	kmenuedit/icons/mini-exclam.xpm	16x14	xpm-fallback
exclam	22	apps	kmenuedit/icons/mini-exclam.xpm	16x14	xpm-fallback
exclam	24	apps	kmenuedit/icons/mini-exclam.xpm	16x14	xpm-fallback
exclam	32	apps	kmenuedit/icons/mini-exclam.xpm	16x14	xpm-fallback
exclam	48	apps	kmenuedit/icons/mini-exclam.xpm	16x14	xpm-fallback
exclamation	16	actions	pics/toolbar/exclamation.xpm	22x22	pillow
exclamation	22	actions	pics/toolbar/exclamation.xpm	22x22	pillow
exclamation	24	actions	pics/toolbar/exclamation.xpm	22x22	pillow
exclamation	32	actions	pics/toolbar/exclamation.xpm	22x22	pillow
exclamation	48	actions	pics/toolbar/exclamation.xpm	22x22	pillow
exec	16	actions	pics/exec.xpm	32x32	xpm-fallback
exec	22	actions	pics/exec.xpm	32x32	xpm-fallback
exec	24	actions	pics/exec.xpm	32x32	xpm-fallback
exec	32	actions	pics/exec.xpm	32x32	xpm-fallback
exec	48	actions	pics/exec.xpm	32x32	xpm-fallback
exit	16	actions	pics/exit.xpm	22x22	xpm-fallback
exit	22	actions	pics/exit.xpm	22x22	xpm-fallback
exit	24	actions	pics/exit.xpm	22x22	xpm-fallback
exit	32	actions	pics/exit.xpm	22x22	xpm-fallback
exit	48	actions	pics/exit.xpm	22x22	xpm-fallback
exp	16	apps	kmenuedit/icons/mini-exp.xpm	16x14	xpm-fallback
exp	22	apps	kmenuedit/icons/mini-exp.xpm	16x14	xpm-fallback
exp	24	apps	kmenuedit/icons/mini-exp.xpm	16x14	xpm-fallback
exp	32	apps	kmenuedit/icons/mini-exp.xpm	16x14	xpm-fallback
exp	48	apps	kmenuedit/icons/mini-exp.xpm	16x14	xpm-fallback
eyes	16	apps	kmenuedit/icons/mini-eyes.xpm	16x14	xpm-fallback
eyes	22	apps	kmenuedit/icons/mini-eyes.xpm	16x14	xpm-fallback
eyes	24	apps	kmenuedit/icons/mini-eyes.xpm	16x14	xpm-fallback
eyes	32	apps	kmenuedit/icons/mini-eyes.xpm	16x14	xpm-fallback
eyes	48	apps	kmenuedit/icons/mini-eyes.xpm	16x14	xpm-fallback
f-src	16	apps	pics/f_src.xpm	32x32	xpm-fallback
f-src	22	apps	pics/f_src.xpm	32x32	xpm-fallback
f-src	24	apps	pics/f_src.xpm	32x32	xpm-fallback
f-src	32	apps	pics/f_src.xpm	32x32	xpm-fallback
f-src	48	apps	pics/f_src.xpm	32x32	xpm-fallback
filefloppy	16	actions	pics/toolbar/filefloppy.xpm	22x22	pillow
filefloppy	22	actions	pics/toolbar/filefloppy.xpm	22x22	pillow
filefloppy	24	actions	pics/toolbar/filefloppy.xpm	22x22	pillow
filefloppy	32	actions	pics/toolbar/filefloppy.xpm	22x22	pillow
filefloppy	48	actions	pics/toolbar/filefloppy.xpm	22x22	pillow
filemail	16	actions	pics/toolbar/filemail.xpm	22x22	pillow
filemail	22	actions	pics/toolbar/filemail.xpm	22x22	pillow
filemail	24	actions	pics/toolbar/filemail.xpm	22x22	pillow
filemail	32	actions	pics/toolbar/filemail.xpm	22x22	pillow
filemail	48	actions	pics/toolbar/filemail.xpm	22x22	pillow
filemgr	16	apps	kmenuedit/icons/mini-filemgr.xpm	16x14	xpm-fallback
filemgr	22	apps	kmenuedit/icons/mini-filemgr.xpm	16x14	xpm-fallback
filemgr	24	apps	kmenuedit/icons/mini-filemgr.xpm	16x14	xpm-fallback
filemgr	32	apps	kmenuedit/icons/mini-filemgr.xpm	16x14	xpm-fallback
filemgr	48	apps	kmenuedit/icons/mini-filemgr.xpm	16x14	xpm-fallback
filenew	16	actions	pics/toolbar/filenew.xpm	22x22	pillow
filenew	22	actions	pics/toolbar/filenew.xpm	22x22	pillow
filenew	24	actions	pics/toolbar/filenew.xpm	22x22	pillow
filenew	32	actions	pics/toolbar/filenew.xpm	22x22	pillow
filenew	48	actions	pics/toolbar/filenew.xpm	22x22	pillow
fileopen	16	actions	pics/toolbar/fileopen.xpm	22x22	pillow
fileopen	22	actions	pics/toolbar/fileopen.xpm	22x22	pillow
fileopen	24	actions	pics/toolbar/fileopen.xpm	22x22	pillow
fileopen	32	actions	pics/toolbar/fileopen.xpm	22x22	pillow
fileopen	48	actions	pics/toolbar/fileopen.xpm	22x22	pillow
fileprint	16	actions	pics/toolbar/fileprint.xpm	22x22	pillow
fileprint	22	actions	pics/toolbar/fileprint.xpm	22x22	pillow
fileprint	24	actions	pics/toolbar/fileprint.xpm	22x22	pillow
fileprint	32	actions	pics/toolbar/fileprint.xpm	22x22	pillow
fileprint	48	actions	pics/toolbar/fileprint.xpm	22x22	pillow
finish	16	actions	pics/toolbar/finish.xpm	22x22	pillow
finish	22	actions	pics/toolbar/finish.xpm	22x22	pillow
finish	24	actions	pics/toolbar/finish.xpm	22x22	pillow
finish	32	actions	pics/toolbar/finish.xpm	22x22	pillow
finish	48	actions	pics/toolbar/finish.xpm	22x22	pillow
folder	16	places	pics/folder.xpm	32x32	xpm-fallback
folder	22	places	pics/folder.xpm	32x32	xpm-fallback
folder	24	places	pics/folder.xpm	32x32	xpm-fallback
folder	32	places	pics/folder.xpm	32x32	xpm-fallback
folder	48	places	pics/folder.xpm	32x32	xpm-fallback
font	16	apps	pics/font.xpm	32x32	xpm-fallback
font	22	apps	pics/font.xpm	32x32	xpm-fallback
font	24	apps	pics/font.xpm	32x32	xpm-fallback
font	32	apps	pics/font.xpm	32x32	xpm-fallback
font	48	apps	pics/font.xpm	32x32	xpm-fallback
forward	16	actions	pics/toolbar/forward.xpm	22x22	pillow
forward	22	actions	pics/toolbar/forward.xpm	22x22	pillow
forward	24	actions	pics/toolbar/forward.xpm	22x22	pillow
forward	32	actions	pics/toolbar/forward.xpm	22x22	pillow
forward	48	actions	pics/toolbar/forward.xpm	22x22	pillow
fractal	16	apps	kmenuedit/icons/mini-fractal.xpm	16x14	xpm-fallback
fractal	22	apps	kmenuedit/icons/mini-fractal.xpm	16x14	xpm-fallback
fractal	24	apps	kmenuedit/icons/mini-fractal.xpm	16x14	xpm-fallback
fractal	32	apps	kmenuedit/icons/mini-fractal.xpm	16x14	xpm-fallback
fractal	48	apps	kmenuedit/icons/mini-fractal.xpm	16x14	xpm-fallback
gball	16	apps	kmenuedit/icons/mini-gball.xpm	16x14	xpm-fallback
gball	22	apps	kmenuedit/icons/mini-gball.xpm	16x14	xpm-fallback
gball	24	apps	kmenuedit/icons/mini-gball.xpm	16x14	xpm-fallback
gball	32	apps	kmenuedit/icons/mini-gball.xpm	16x14	xpm-fallback
gball	48	apps	kmenuedit/icons/mini-gball.xpm	16x14	xpm-fallback
gf	16	apps	pics/gf.xpm	32x32	xpm-fallback
gf	22	apps	pics/gf.xpm	32x32	xpm-fallback
gf	24	apps	pics/gf.xpm	32x32	xpm-fallback
gf	32	apps	pics/gf.xpm	32x32	xpm-fallback
gf	48	apps	pics/gf.xpm	32x32	xpm-fallback
gv	16	apps	kmenuedit/icons/mini-gv.xpm	16x14	pillow
gv	22	apps	kmenuedit/icons/mini-gv.xpm	16x14	pillow
gv	24	apps	kmenuedit/icons/mini-gv.xpm	16x14	pillow
gv	32	apps	kmenuedit/icons/mini-gv.xpm	16x14	pillow
gv	48	apps	kmenuedit/icons/mini-gv.xpm	16x14	pillow
h-src	16	apps	pics/h_src.xpm	32x32	xpm-fallback
h-src	22	apps	pics/h_src.xpm	32x32	xpm-fallback
h-src	24	apps	pics/h_src.xpm	32x32	xpm-fallback
h-src	32	apps	pics/h_src.xpm	32x32	xpm-fallback
h-src	48	apps	pics/h_src.xpm	32x32	xpm-fallback
hammer	16	apps	kmenuedit/icons/mini-hammer.xpm	16x14	xpm-fallback
hammer	22	apps	kmenuedit/icons/mini-hammer.xpm	16x14	xpm-fallback
hammer	24	apps	kmenuedit/icons/mini-hammer.xpm	16x14	xpm-fallback
hammer	32	apps	kmenuedit/icons/mini-hammer.xpm	16x14	xpm-fallback
hammer	48	apps	kmenuedit/icons/mini-hammer.xpm	16x14	xpm-fallback
happy	16	apps	kmenuedit/icons/mini-happy.xpm	16x14	xpm-fallback
happy	22	apps	kmenuedit/icons/mini-happy.xpm	16x14	xpm-fallback
happy	24	apps	kmenuedit/icons/mini-happy.xpm	16x14	xpm-fallback
happy	32	apps	kmenuedit/icons/mini-happy.xpm	16x14	xpm-fallback
happy	48	apps	kmenuedit/icons/mini-happy.xpm	16x14	xpm-fallback
help	16	actions	pics/toolbar/help.xpm	22x22	pillow
help	22	actions	pics/toolbar/help.xpm	22x22	pillow
help	24	actions	pics/toolbar/help.xpm	22x22	pillow
help	32	actions	pics/toolbar/help.xpm	22x22	pillow
help	48	actions	pics/toolbar/help.xpm	22x22	pillow
hextris	16	apps	kmenuedit/icons/mini-hextris.xpm	16x14	xpm-fallback
hextris	22	apps	kmenuedit/icons/mini-hextris.xpm	16x14	xpm-fallback
hextris	24	apps	kmenuedit/icons/mini-hextris.xpm	16x14	xpm-fallback
hextris	32	apps	kmenuedit/icons/mini-hextris.xpm	16x14	xpm-fallback
hextris	48	apps	kmenuedit/icons/mini-hextris.xpm	16x14	xpm-fallback
home	16	places	pics/toolbar/home.xpm	22x22	pillow
home	22	places	pics/toolbar/home.xpm	22x22	pillow
home	24	places	pics/toolbar/home.xpm	22x22	pillow
home	32	places	pics/toolbar/home.xpm	22x22	pillow
home	48	places	pics/toolbar/home.xpm	22x22	pillow
html	16	mimetypes	pics/html.xpm	32x32	xpm-fallback
html	22	mimetypes	pics/html.xpm	32x32	xpm-fallback
html	24	mimetypes	pics/html.xpm	32x32	xpm-fallback
html	32	mimetypes	pics/html.xpm	32x32	xpm-fallback
html	48	mimetypes	pics/html.xpm	32x32	xpm-fallback
idea	16	apps	kfind/pics/idea.xpm	22x22	pillow
idea	22	apps	kfind/pics/idea.xpm	22x22	pillow
idea	24	apps	kfind/pics/idea.xpm	22x22	pillow
idea	32	apps	kfind/pics/idea.xpm	22x22	pillow
idea	48	apps	kfind/pics/idea.xpm	22x22	pillow
image	16	mimetypes	pics/image.xpm	32x32	xpm-fallback
image	22	mimetypes	pics/image.xpm	32x32	xpm-fallback
image	24	mimetypes	pics/image.xpm	32x32	xpm-fallback
image	32	mimetypes	pics/image.xpm	32x32	xpm-fallback
image	48	mimetypes	pics/image.xpm	32x32	xpm-fallback
info	16	apps	kfind/pics/info.xpm	22x22	xpm-fallback
info	22	apps	kfind/pics/info.xpm	22x22	xpm-fallback
info	24	apps	kfind/pics/info.xpm	22x22	xpm-fallback
info	32	apps	pics/info.xpm	32x32	xpm-fallback
info	48	apps	pics/info.xpm	32x32	xpm-fallback
java-src	16	apps	pics/java_src.xpm	32x32	xpm-fallback
java-src	22	apps	pics/java_src.xpm	32x32	xpm-fallback
java-src	24	apps	pics/java_src.xpm	32x32	xpm-fallback
java-src	32	apps	pics/java_src.xpm	32x32	xpm-fallback
java-src	48	apps	pics/java_src.xpm	32x32	xpm-fallback
k	16	apps	kmenuedit/icons/mini-k.xpm	14x14	pillow
k	22	apps	kmenuedit/icons/mini-k.xpm	14x14	pillow
k	24	apps	kmenuedit/icons/mini-k.xpm	14x14	pillow
k	32	apps	kmenuedit/icons/mini-k.xpm	14x14	pillow
k	48	apps	kmenuedit/icons/mini-k.xpm	14x14	pillow
kde1	16	apps	kfm/pics/kde1.xpm	22x22	xpm-fallback
kde1	22	apps	kfm/pics/kde1.xpm	22x22	xpm-fallback
kde1	24	apps	kfm/pics/kde1.xpm	22x22	xpm-fallback
kde1	32	apps	kfm/pics/kde1.xpm	22x22	xpm-fallback
kde1	48	apps	kfm/pics/kde1.xpm	22x22	xpm-fallback
kde2	16	apps	kfm/pics/kde2.xpm	22x22	xpm-fallback
kde2	22	apps	kfm/pics/kde2.xpm	22x22	xpm-fallback
kde2	24	apps	kfm/pics/kde2.xpm	22x22	xpm-fallback
kde2	32	apps	kfm/pics/kde2.xpm	22x22	xpm-fallback
kde2	48	apps	kfm/pics/kde2.xpm	22x22	xpm-fallback
kde3	16	apps	kfm/pics/kde3.xpm	22x22	xpm-fallback
kde3	22	apps	kfm/pics/kde3.xpm	22x22	xpm-fallback
kde3	24	apps	kfm/pics/kde3.xpm	22x22	xpm-fallback
kde3	32	apps	kfm/pics/kde3.xpm	22x22	xpm-fallback
kde3	48	apps	kfm/pics/kde3.xpm	22x22	xpm-fallback
kde4	16	apps	kfm/pics/kde4.xpm	22x22	xpm-fallback
kde4	22	apps	kfm/pics/kde4.xpm	22x22	xpm-fallback
kde4	24	apps	kfm/pics/kde4.xpm	22x22	xpm-fallback
kde4	32	apps	kfm/pics/kde4.xpm	22x22	xpm-fallback
kde4	48	apps	kfm/pics/kde4.xpm	22x22	xpm-fallback
kde5	16	apps	kfm/pics/kde5.xpm	22x22	xpm-fallback
kde5	22	apps	kfm/pics/kde5.xpm	22x22	xpm-fallback
kde5	24	apps	kfm/pics/kde5.xpm	22x22	xpm-fallback
kde5	32	apps	kfm/pics/kde5.xpm	22x22	xpm-fallback
kde5	48	apps	kfm/pics/kde5.xpm	22x22	xpm-fallback
kde6	16	apps	kfm/pics/kde6.xpm	22x22	xpm-fallback
kde6	22	apps	kfm/pics/kde6.xpm	22x22	xpm-fallback
kde6	24	apps	kfm/pics/kde6.xpm	22x22	xpm-fallback
kde6	32	apps	kfm/pics/kde6.xpm	22x22	xpm-fallback
kde6	48	apps	kfm/pics/kde6.xpm	22x22	xpm-fallback
kde7	16	apps	kfm/pics/kde7.xpm	22x22	xpm-fallback
kde7	22	apps	kfm/pics/kde7.xpm	22x22	xpm-fallback
kde7	24	apps	kfm/pics/kde7.xpm	22x22	xpm-fallback
kde7	32	apps	kfm/pics/kde7.xpm	22x22	xpm-fallback
kde7	48	apps	kfm/pics/kde7.xpm	22x22	xpm-fallback
kde8	16	apps	kfm/pics/kde8.xpm	22x22	xpm-fallback
kde8	22	apps	kfm/pics/kde8.xpm	22x22	xpm-fallback
kde8	24	apps	kfm/pics/kde8.xpm	22x22	xpm-fallback
kde8	32	apps	kfm/pics/kde8.xpm	22x22	xpm-fallback
kde8	48	apps	kfm/pics/kde8.xpm	22x22	xpm-fallback
kde9	16	apps	kfm/pics/kde9.xpm	22x22	xpm-fallback
kde9	22	apps	kfm/pics/kde9.xpm	22x22	xpm-fallback
kde9	24	apps	kfm/pics/kde9.xpm	22x22	xpm-fallback
kde9	32	apps	kfm/pics/kde9.xpm	22x22	xpm-fallback
kde9	48	apps	kfm/pics/kde9.xpm	22x22	xpm-fallback
kdelogo	16	apps	kdm/pics/kdelogo.xpm	100x100	xpm-fallback
kdelogo	22	apps	kdm/pics/kdelogo.xpm	100x100	xpm-fallback
kdelogo	24	apps	kdm/pics/kdelogo.xpm	100x100	xpm-fallback
kdelogo	32	apps	kdm/pics/kdelogo.xpm	100x100	xpm-fallback
kdelogo	48	apps	kdm/pics/kdelogo.xpm	100x100	xpm-fallback
key	16	apps	pics/key.xpm	22x22	xpm-fallback
key	22	apps	pics/key.xpm	22x22	xpm-fallback
key	24	apps	pics/key.xpm	22x22	xpm-fallback
key	32	apps	pics/key.xpm	22x22	xpm-fallback
key	48	apps	pics/key.xpm	22x22	xpm-fallback
kfind	16	apps	kfind/kfind.xpm	32x32	xpm-fallback
kfind	22	apps	kfind/kfind.xpm	32x32	xpm-fallback
kfind	24	apps	kfind/kfind.xpm	32x32	xpm-fallback
kfind	32	apps	kfind/kfind.xpm	32x32	xpm-fallback
kfind	48	apps	kfind/kfind.xpm	32x32	xpm-fallback
kfm-fulltrash	16	apps	pics/kfm_fulltrash.xpm	32x32	xpm-fallback
kfm-fulltrash	22	apps	pics/kfm_fulltrash.xpm	32x32	xpm-fallback
kfm-fulltrash	24	apps	pics/kfm_fulltrash.xpm	32x32	xpm-fallback
kfm-fulltrash	32	apps	pics/kfm_fulltrash.xpm	32x32	xpm-fallback
kfm-fulltrash	48	apps	pics/kfm_fulltrash.xpm	32x32	xpm-fallback
kfm-home	16	places	pics/kfm_home.xpm	48x48	xpm-fallback
kfm-home	22	places	pics/kfm_home.xpm	48x48	xpm-fallback
kfm-home	24	places	pics/kfm_home.xpm	48x48	xpm-fallback
kfm-home	32	places	pics/kfm_home.xpm	48x48	xpm-fallback
kfm-home	48	places	pics/kfm_home.xpm	48x48	xpm-fallback
kfm-trash	16	places	pics/kfm_trash.xpm	32x32	xpm-fallback
kfm-trash	22	places	pics/kfm_trash.xpm	32x32	xpm-fallback
kfm-trash	24	places	pics/kfm_trash.xpm	32x32	xpm-fallback
kfm-trash	32	places	pics/kfm_trash.xpm	32x32	xpm-fallback
kfm-trash	48	places	pics/kfm_trash.xpm	32x32	xpm-fallback
kmultiple	16	apps	kfm/pics/kmultiple.xpm	31x35	xpm-fallback
kmultiple	22	apps	kfm/pics/kmultiple.xpm	31x35	xpm-fallback
kmultiple	24	apps	kfm/pics/kmultiple.xpm	31x35	xpm-fallback
kmultiple	32	apps	kfm/pics/kmultiple.xpm	31x35	xpm-fallback
kmultiple	48	apps	kfm/pics/kmultiple.xpm	31x35	xpm-fallback
l-src	16	apps	pics/l_src.xpm	32x32	xpm-fallback
l-src	22	apps	pics/l_src.xpm	32x32	xpm-fallback
l-src	24	apps	pics/l_src.xpm	32x32	xpm-fallback
l-src	32	apps	pics/l_src.xpm	32x32	xpm-fallback
l-src	48	apps	pics/l_src.xpm	32x32	xpm-fallback
launch	16	apps	pics/launch.xpm	48x48	xpm-fallback
launch	22	apps	pics/launch.xpm	48x48	xpm-fallback
launch	24	apps	pics/launch.xpm	48x48	xpm-fallback
launch	32	apps	pics/launch.xpm	48x48	xpm-fallback
launch	48	apps	pics/launch.xpm	48x48	xpm-fallback
link	16	apps	pics/link.xpm	32x32	xpm-fallback
link	22	apps	pics/link.xpm	32x32	xpm-fallback
link	24	apps	pics/link.xpm	32x32	xpm-fallback
link	32	apps	pics/link.xpm	32x32	xpm-fallback
link	48	apps	pics/link.xpm	32x32	xpm-fallback
lock	16	actions	kmenuedit/icons/mini-lock.xpm	16x14	xpm-fallback
lock	22	actions	pics/toolbar/lock.xpm	22x22	pillow
lock	24	actions	pics/toolbar/lock.xpm	22x22	pillow
lock	32	actions	pics/toolbar/lock.xpm	22x22	pillow
lock	48	actions	pics/toolbar/lock.xpm	22x22	pillow
lockedfolder	16	places	pics/lockedfolder.xpm	32x32	xpm-fallback
lockedfolder	22	places	pics/lockedfolder.xpm	32x32	xpm-fallback
lockedfolder	24	places	pics/lockedfolder.xpm	32x32	xpm-fallback
lockedfolder	32	places	pics/lockedfolder.xpm	32x32	xpm-fallback
lockedfolder	48	places	pics/lockedfolder.xpm	32x32	xpm-fallback
lower	16	apps	kmenuedit/icons/mini-lower.xpm	16x14	xpm-fallback
lower	22	apps	kmenuedit/icons/mini-lower.xpm	16x14	xpm-fallback
lower	24	apps	kmenuedit/icons/mini-lower.xpm	16x14	xpm-fallback
lower	32	apps	kmenuedit/icons/mini-lower.xpm	16x14	xpm-fallback
lower	48	apps	kmenuedit/icons/mini-lower.xpm	16x14	xpm-fallback
mail	16	apps	kmenuedit/icons/mini-mail.xpm	16x14	xpm-fallback
mail	22	apps	kmenuedit/icons/mini-mail.xpm	16x14	xpm-fallback
mail	24	apps	kmenuedit/icons/mini-mail.xpm	16x14	xpm-fallback
mail	32	apps	kmenuedit/icons/mini-mail.xpm	16x14	xpm-fallback
mail	48	apps	kmenuedit/icons/mini-mail.xpm	16x14	xpm-fallback
make	16	apps	pics/make.xpm	32x32	xpm-fallback
make	22	apps	pics/make.xpm	32x32	xpm-fallback
make	24	apps	pics/make.xpm	32x32	xpm-fallback
make	32	apps	pics/make.xpm	32x32	xpm-fallback
make	48	apps	pics/make.xpm	32x32	xpm-fallback
manual	16	apps	kmenuedit/icons/mini-manual.xpm	16x14	xpm-fallback
manual	22	apps	kmenuedit/icons/mini-manual.xpm	16x14	xpm-fallback
manual	24	apps	kmenuedit/icons/mini-manual.xpm	16x14	xpm-fallback
manual	32	apps	kmenuedit/icons/mini-manual.xpm	16x14	xpm-fallback
manual	48	apps	kmenuedit/icons/mini-manual.xpm	16x14	xpm-fallback
max1	16	apps	kmenuedit/icons/mini-max1.xpm	16x14	pillow
max1	22	apps	kmenuedit/icons/mini-max1.xpm	16x14	pillow
max1	24	apps	kmenuedit/icons/mini-max1.xpm	16x14	pillow
max1	32	apps	kmenuedit/icons/mini-max1.xpm	16x14	pillow
max1	48	apps	kmenuedit/icons/mini-max1.xpm	16x14	pillow
maximize2	16	apps	kmenuedit/icons/maximize2.xpm	13x12	xpm-fallback
maximize2	22	apps	kmenuedit/icons/maximize2.xpm	13x12	xpm-fallback
maximize2	24	apps	kmenuedit/icons/maximize2.xpm	13x12	xpm-fallback
maximize2	32	apps	kmenuedit/icons/maximize2.xpm	13x12	xpm-fallback
maximize2	48	apps	kmenuedit/icons/maximize2.xpm	13x12	xpm-fallback
maze	16	apps	kmenuedit/icons/mini-maze.xpm	16x14	xpm-fallback
maze	22	apps	kmenuedit/icons/mini-maze.xpm	16x14	xpm-fallback
maze	24	apps	kmenuedit/icons/mini-maze.xpm	16x14	xpm-fallback
maze	32	apps	kmenuedit/icons/mini-maze.xpm	16x14	xpm-fallback
maze	48	apps	kmenuedit/icons/mini-maze.xpm	16x14	xpm-fallback
metafont	16	apps	pics/metafont.xpm	32x32	xpm-fallback
metafont	22	apps	pics/metafont.xpm	32x32	xpm-fallback
metafont	24	apps	pics/metafont.xpm	32x32	xpm-fallback
metafont	32	apps	pics/metafont.xpm	32x32	xpm-fallback
metafont	48	apps	pics/metafont.xpm	32x32	xpm-fallback
midi	16	apps	pics/midi.xpm	32x32	xpm-fallback
midi	22	apps	pics/midi.xpm	32x32	xpm-fallback
midi	24	apps	pics/midi.xpm	32x32	xpm-fallback
midi	32	apps	pics/midi.xpm	32x32	xpm-fallback
midi	48	apps	pics/midi.xpm	32x32	xpm-fallback
mini	16	apps	kmenuedit/icons/mini.xpm	14x14	xpm-fallback
mini	22	apps	kmenuedit/icons/mini.xpm	14x14	xpm-fallback
mini	24	apps	kmenuedit/icons/mini.xpm	14x14	xpm-fallback
mini	32	apps	kmenuedit/icons/mini.xpm	14x14	xpm-fallback
mini	48	apps	kmenuedit/icons/mini.xpm	14x14	xpm-fallback
mini.audiovol	16	apps	kmenuedit/icons/mini.audiovol.xpm	14x14	xpm-fallback
mini.audiovol	22	apps	kmenuedit/icons/mini.audiovol.xpm	14x14	xpm-fallback
mini.audiovol	24	apps	kmenuedit/icons/mini.audiovol.xpm	14x14	xpm-fallback
mini.audiovol	32	apps	kmenuedit/icons/mini.audiovol.xpm	14x14	xpm-fallback
mini.audiovol	48	apps	kmenuedit/icons/mini.audiovol.xpm	14x14	xpm-fallback
mini.checkmark	16	apps	kmenuedit/icons/mini.checkmark.xpm	11x11	xpm-fallback
mini.checkmark	22	apps	kmenuedit/icons/mini.checkmark.xpm	11x11	xpm-fallback
mini.checkmark	24	apps	kmenuedit/icons/mini.checkmark.xpm	11x11	xpm-fallback
mini.checkmark	32	apps	kmenuedit/icons/mini.checkmark.xpm	11x11	xpm-fallback
mini.checkmark	48	apps	kmenuedit/icons/mini.checkmark.xpm	11x11	xpm-fallback
mini.cut	16	actions	kmenuedit/icons/mini.cut.xpm	9x14	xpm-fallback
mini.cut	22	actions	kmenuedit/icons/mini.cut.xpm	9x14	xpm-fallback
mini.cut	24	actions	kmenuedit/icons/mini.cut.xpm	9x14	xpm-fallback
mini.cut	32	actions	kmenuedit/icons/mini.cut.xpm	9x14	xpm-fallback
mini.cut	48	actions	kmenuedit/icons/mini.cut.xpm	9x14	xpm-fallback
mini.destroy	16	apps	kmenuedit/icons/mini.destroy.xpm	14x14	xpm-fallback
mini.destroy	22	apps	kmenuedit/icons/mini.destroy.xpm	14x14	xpm-fallback
mini.destroy	24	apps	kmenuedit/icons/mini.destroy.xpm	14x14	xpm-fallback
mini.destroy	32	apps	kmenuedit/icons/mini.destroy.xpm	14x14	xpm-fallback
mini.destroy	48	apps	kmenuedit/icons/mini.destroy.xpm	14x14	xpm-fallback
mini.excl	16	apps	kmenuedit/icons/mini.excl.xpm	14x14	xpm-fallback
mini.excl	22	apps	kmenuedit/icons/mini.excl.xpm	14x14	xpm-fallback
mini.excl	24	apps	kmenuedit/icons/mini.excl.xpm	14x14	xpm-fallback
mini.excl	32	apps	kmenuedit/icons/mini.excl.xpm	14x14	xpm-fallback
mini.excl	48	apps	kmenuedit/icons/mini.excl.xpm	14x14	xpm-fallback
mini.exit	16	actions	kmenuedit/icons/mini.exit.xpm	22x14	pillow
mini.exit	22	actions	kmenuedit/icons/mini.exit.xpm	22x14	pillow
mini.exit	24	actions	kmenuedit/icons/mini.exit.xpm	22x14	pillow
mini.exit	32	actions	kmenuedit/icons/mini.exit.xpm	22x14	pillow
mini.exit	48	actions	kmenuedit/icons/mini.exit.xpm	22x14	pillow
mini.fvwm	16	apps	kmenuedit/icons/mini.fvwm.xpm	14x14	xpm-fallback
mini.fvwm	22	apps	kmenuedit/icons/mini.fvwm.xpm	14x14	xpm-fallback
mini.fvwm	24	apps	kmenuedit/icons/mini.fvwm.xpm	14x14	xpm-fallback
mini.fvwm	32	apps	kmenuedit/icons/mini.fvwm.xpm	14x14	xpm-fallback
mini.fvwm	48	apps	kmenuedit/icons/mini.fvwm.xpm	14x14	xpm-fallback
mini.letter	16	apps	kmenuedit/icons/mini.letter.xpm	14x10	pillow
mini.letter	22	apps	kmenuedit/icons/mini.letter.xpm	14x10	pillow
mini.letter	24	apps	kmenuedit/icons/mini.letter.xpm	14x10	pillow
mini.letter	32	apps	kmenuedit/icons/mini.letter.xpm	14x10	pillow
mini.letter	48	apps	kmenuedit/icons/mini.letter.xpm	14x10	pillow
mini.lower	16	apps	kmenuedit/icons/mini.lower.xpm	14x14	xpm-fallback
mini.lower	22	apps	kmenuedit/icons/mini.lower.xpm	14x14	xpm-fallback
mini.lower	24	apps	kmenuedit/icons/mini.lower.xpm	14x14	xpm-fallback
mini.lower	32	apps	kmenuedit/icons/mini.lower.xpm	14x14	xpm-fallback
mini.lower	48	apps	kmenuedit/icons/mini.lower.xpm	14x14	xpm-fallback
mini.move	16	apps	kmenuedit/icons/mini.move.xpm	14x14	xpm-fallback
mini.move	22	apps	kmenuedit/icons/mini.move.xpm	14x14	xpm-fallback
mini.move	24	apps	kmenuedit/icons/mini.move.xpm	14x14	xpm-fallback
mini.move	32	apps	kmenuedit/icons/mini.move.xpm	14x14	xpm-fallback
mini.move	48	apps	kmenuedit/icons/mini.move.xpm	14x14	xpm-fallback
mini.netscape	16	apps	kmenuedit/icons/mini.netscape.xpm	14x14	xpm-fallback
mini.netscape	22	apps	kmenuedit/icons/mini.netscape.xpm	14x14	xpm-fallback
mini.netscape	24	apps	kmenuedit/icons/mini.netscape.xpm	14x14	xpm-fallback
mini.netscape	32	apps	kmenuedit/icons/mini.netscape.xpm	14x14	xpm-fallback
mini.netscape	48	apps	kmenuedit/icons/mini.netscape.xpm	14x14	xpm-fallback
mini.raise	16	apps	kmenuedit/icons/mini.raise.xpm	14x14	xpm-fallback
mini.raise	22	apps	kmenuedit/icons/mini.raise.xpm	14x14	xpm-fallback
mini.raise	24	apps	kmenuedit/icons/mini.raise.xpm	14x14	xpm-fallback
mini.raise	32	apps	kmenuedit/icons/mini.raise.xpm	14x14	xpm-fallback
mini.raise	48	apps	kmenuedit/icons/mini.raise.xpm	14x14	xpm-fallback
mini.resize	16	apps	kmenuedit/icons/mini.resize.xpm	14x14	xpm-fallback
mini.resize	22	apps	kmenuedit/icons/mini.resize.xpm	14x14	xpm-fallback
mini.resize	24	apps	kmenuedit/icons/mini.resize.xpm	14x14	xpm-fallback
mini.resize	32	apps	kmenuedit/icons/mini.resize.xpm	14x14	xpm-fallback
mini.resize	48	apps	kmenuedit/icons/mini.resize.xpm	14x14	xpm-fallback
mini.xarchie	16	apps	kmenuedit/icons/mini.xarchie.xpm	14x14	xpm-fallback
mini.xarchie	22	apps	kmenuedit/icons/mini.xarchie.xpm	14x14	xpm-fallback
mini.xarchie	24	apps	kmenuedit/icons/mini.xarchie.xpm	14x14	xpm-fallback
mini.xarchie	32	apps	kmenuedit/icons/mini.xarchie.xpm	14x14	xpm-fallback
mini.xarchie	48	apps	kmenuedit/icons/mini.xarchie.xpm	14x14	xpm-fallback
mini.xboing	16	apps	kmenuedit/icons/mini.xboing.xpm	14x14	xpm-fallback
mini.xboing	22	apps	kmenuedit/icons/mini.xboing.xpm	14x14	xpm-fallback
mini.xboing	24	apps	kmenuedit/icons/mini.xboing.xpm	14x14	xpm-fallback
mini.xboing	32	apps	kmenuedit/icons/mini.xboing.xpm	14x14	xpm-fallback
mini.xboing	48	apps	kmenuedit/icons/mini.xboing.xpm	14x14	xpm-fallback
mini.xlock	16	apps	kmenuedit/icons/mini.xlock.xpm	14x14	xpm-fallback
mini.xlock	22	apps	kmenuedit/icons/mini.xlock.xpm	14x14	xpm-fallback
mini.xlock	24	apps	kmenuedit/icons/mini.xlock.xpm	14x14	xpm-fallback
mini.xlock	32	apps	kmenuedit/icons/mini.xlock.xpm	14x14	xpm-fallback
mini.xlock	48	apps	kmenuedit/icons/mini.xlock.xpm	14x14	xpm-fallback
mini.xterm	16	apps	kmenuedit/icons/mini.xterm.xpm	14x14	xpm-fallback
mini.xterm	22	apps	kmenuedit/icons/mini.xterm.xpm	14x14	xpm-fallback
mini.xterm	24	apps	kmenuedit/icons/mini.xterm.xpm	14x14	xpm-fallback
mini.xterm	32	apps	kmenuedit/icons/mini.xterm.xpm	14x14	xpm-fallback
mini.xterm	48	apps	kmenuedit/icons/mini.xterm.xpm	14x14	xpm-fallback
mini.zircon	16	apps	kmenuedit/icons/mini.zircon.xpm	14x14	xpm-fallback
mini.zircon	22	apps	kmenuedit/icons/mini.zircon.xpm	14x14	xpm-fallback
mini.zircon	24	apps	kmenuedit/icons/mini.zircon.xpm	14x14	xpm-fallback
mini.zircon	32	apps	kmenuedit/icons/mini.zircon.xpm	14x14	xpm-fallback
mini.zircon	48	apps	kmenuedit/icons/mini.zircon.xpm	14x14	xpm-fallback
moc-src	16	apps	pics/moc_src.xpm	32x32	xpm-fallback
moc-src	22	apps	pics/moc_src.xpm	32x32	xpm-fallback
moc-src	24	apps	pics/moc_src.xpm	32x32	xpm-fallback
moc-src	32	apps	pics/moc_src.xpm	32x32	xpm-fallback
moc-src	48	apps	pics/moc_src.xpm	32x32	xpm-fallback
modules	16	apps	kmenuedit/icons/mini-modules.xpm	16x14	xpm-fallback
modules	22	apps	kmenuedit/icons/mini-modules.xpm	16x14	xpm-fallback
modules	24	apps	kmenuedit/icons/mini-modules.xpm	16x14	xpm-fallback
modules	32	apps	kmenuedit/icons/mini-modules.xpm	16x14	xpm-fallback
modules	48	apps	kmenuedit/icons/mini-modules.xpm	16x14	xpm-fallback
move	16	apps	kmenuedit/icons/mini-move.xpm	16x14	xpm-fallback
move	22	apps	kmenuedit/icons/mini-move.xpm	16x14	xpm-fallback
move	24	apps	kmenuedit/icons/mini-move.xpm	16x14	xpm-fallback
move	32	apps	kmenuedit/icons/mini-move.xpm	16x14	xpm-fallback
move	48	apps	kmenuedit/icons/mini-move.xpm	16x14	xpm-fallback
move1	16	apps	kmenuedit/icons/mini-move1.xpm	16x14	xpm-fallback
move1	22	apps	kmenuedit/icons/mini-move1.xpm	16x14	xpm-fallback
move1	24	apps	kmenuedit/icons/mini-move1.xpm	16x14	xpm-fallback
move1	32	apps	kmenuedit/icons/mini-move1.xpm	16x14	xpm-fallback
move1	48	apps	kmenuedit/icons/mini-move1.xpm	16x14	xpm-fallback
news	16	apps	pics/news.xpm	48x48	xpm-fallback
news	22	apps	pics/news.xpm	48x48	xpm-fallback
news	24	apps	pics/news.xpm	48x48	xpm-fallback
news	32	apps	pics/news.xpm	48x48	xpm-fallback
news	48	apps	pics/news.xpm	48x48	xpm-fallback
next	16	actions	pics/toolbar/next.xpm	22x22	pillow
next	22	actions	pics/toolbar/next.xpm	22x22	pillow
next	24	actions	pics/toolbar/next.xpm	22x22	pillow
next	32	actions	pics/toolbar/next.xpm	22x22	pillow
next	48	actions	pics/toolbar/next.xpm	22x22	pillow
nscape	16	apps	kmenuedit/icons/mini-nscape.xpm	15x14	xpm-fallback
nscape	22	apps	kmenuedit/icons/mini-nscape.xpm	15x14	xpm-fallback
nscape	24	apps	kmenuedit/icons/mini-nscape.xpm	15x14	xpm-fallback
nscape	32	apps	kmenuedit/icons/mini-nscape.xpm	15x14	xpm-fallback
nscape	48	apps	kmenuedit/icons/mini-nscape.xpm	15x14	xpm-fallback
ofolder	16	places	kmenuedit/icons/mini-ofolder.xpm	16x14	xpm-fallback
ofolder	22	places	kmenuedit/icons/mini-ofolder.xpm	16x14	xpm-fallback
ofolder	24	places	kmenuedit/icons/mini-ofolder.xpm	16x14	xpm-fallback
ofolder	32	places	kmenuedit/icons/mini-ofolder.xpm	16x14	xpm-fallback
ofolder	48	places	kmenuedit/icons/mini-ofolder.xpm	16x14	xpm-fallback
olwm	16	apps	kmenuedit/icons/mini-olwm.xpm	16x14	xpm-fallback
olwm	22	apps	kmenuedit/icons/mini-olwm.xpm	16x14	xpm-fallback
olwm	24	apps	kmenuedit/icons/mini-olwm.xpm	16x14	xpm-fallback
olwm	32	apps	kmenuedit/icons/mini-olwm.xpm	16x14	xpm-fallback
olwm	48	apps	kmenuedit/icons/mini-olwm.xpm	16x14	xpm-fallback
open	16	actions	pics/open.xpm	16x13	xpm-fallback
open	22	actions	pics/open.xpm	16x13	xpm-fallback
open	24	actions	pics/open.xpm	16x13	xpm-fallback
open	32	actions	pics/open.xpm	16x13	xpm-fallback
open	48	actions	pics/open.xpm	16x13	xpm-fallback
p-src	16	apps	pics/p_src.xpm	32x32	xpm-fallback
p-src	22	apps	pics/p_src.xpm	32x32	xpm-fallback
p-src	24	apps	pics/p_src.xpm	32x32	xpm-fallback
p-src	32	apps	pics/p_src.xpm	32x32	xpm-fallback
p-src	48	apps	pics/p_src.xpm	32x32	xpm-fallback
page	16	actions	pics/toolbar/page.xpm	22x22	pillow
page	22	actions	pics/toolbar/page.xpm	22x22	pillow
page	24	actions	pics/toolbar/page.xpm	22x22	pillow
page	32	actions	pics/toolbar/page.xpm	22x22	pillow
page	48	actions	pics/toolbar/page.xpm	22x22	pillow
paint	16	apps	kmenuedit/icons/mini-paint.xpm	16x14	xpm-fallback
paint	22	apps	kmenuedit/icons/mini-paint.xpm	16x14	xpm-fallback
paint	24	apps	kmenuedit/icons/mini-paint.xpm	16x14	xpm-fallback
paint	32	apps	kmenuedit/icons/mini-paint.xpm	16x14	xpm-fallback
paint	48	apps	kmenuedit/icons/mini-paint.xpm	16x14	xpm-fallback
paintbucket	16	actions	pics/toolbar/paintbucket.xpm	22x22	pillow
paintbucket	22	actions	pics/toolbar/paintbucket.xpm	22x22	pillow
paintbucket	24	actions	pics/toolbar/paintbucket.xpm	22x22	pillow
paintbucket	32	actions	pics/toolbar/paintbucket.xpm	22x22	pillow
paintbucket	48	actions	pics/toolbar/paintbucket.xpm	22x22	pillow
pdf	16	mimetypes	pics/pdf.xpm	32x32	xpm-fallback
pdf	22	mimetypes	pics/pdf.xpm	32x32	xpm-fallback
pdf	24	mimetypes	pics/pdf.xpm	32x32	xpm-fallback
pdf	32	mimetypes	pics/pdf.xpm	32x32	xpm-fallback
pdf	48	mimetypes	pics/pdf.xpm	32x32	xpm-fallback
pencil	16	apps	kmenuedit/icons/mini-pencil.xpm	16x14	xpm-fallback
pencil	22	apps	kmenuedit/icons/mini-pencil.xpm	16x14	xpm-fallback
pencil	24	apps	kmenuedit/icons/mini-pencil.xpm	16x14	xpm-fallback
pencil	32	apps	kmenuedit/icons/mini-pencil.xpm	16x14	xpm-fallback
pencil	48	apps	kmenuedit/icons/mini-pencil.xpm	16x14	xpm-fallback
pipe	16	apps	pics/pipe.xpm	32x32	xpm-fallback
pipe	22	apps	pics/pipe.xpm	32x32	xpm-fallback
pipe	24	apps	pics/pipe.xpm	32x32	xpm-fallback
pipe	32	apps	pics/pipe.xpm	32x32	xpm-fallback
pipe	48	apps	pics/pipe.xpm	32x32	xpm-fallback
pk	16	apps	pics/pk.xpm	32x32	xpm-fallback
pk	22	apps	pics/pk.xpm	32x32	xpm-fallback
pk	24	apps	pics/pk.xpm	32x32	xpm-fallback
pk	32	apps	pics/pk.xpm	32x32	xpm-fallback
pk	48	apps	pics/pk.xpm	32x32	xpm-fallback
postscript	16	apps	pics/postscript.xpm	32x32	xpm-fallback
postscript	22	apps	pics/postscript.xpm	32x32	xpm-fallback
postscript	24	apps	pics/postscript.xpm	32x32	xpm-fallback
postscript	32	apps	pics/postscript.xpm	32x32	xpm-fallback
postscript	48	apps	pics/postscript.xpm	32x32	xpm-fallback
prev	16	actions	pics/toolbar/prev.xpm	22x22	pillow
prev	22	actions	pics/toolbar/prev.xpm	22x22	pillow
prev	24	actions	pics/toolbar/prev.xpm	22x22	pillow
prev	32	actions	pics/toolbar/prev.xpm	22x22	pillow
prev	48	actions	pics/toolbar/prev.xpm	22x22	pillow
printer	16	apps	pics/printer.xpm	48x48	pillow
printer	22	apps	pics/printer.xpm	48x48	pillow
printer	24	apps	pics/printer.xpm	48x48	pillow
printer	32	apps	pics/printer.xpm	48x48	pillow
printer	48	apps	pics/printer.xpm	48x48	pillow
question	16	apps	kmenuedit/icons/mini-question.xpm	16x14	xpm-fallback
question	22	apps	kmenuedit/icons/mini-question.xpm	16x14	xpm-fallback
question	24	apps	kmenuedit/icons/mini-question.xpm	16x14	xpm-fallback
question	32	apps	kmenuedit/icons/mini-question.xpm	16x14	xpm-fallback
question	48	apps	kmenuedit/icons/mini-question.xpm	16x14	xpm-fallback
raise	16	apps	kmenuedit/icons/mini-raise.xpm	16x14	xpm-fallback
raise	22	apps	kmenuedit/icons/mini-raise.xpm	16x14	xpm-fallback
raise	24	apps	kmenuedit/icons/mini-raise.xpm	16x14	xpm-fallback
raise	32	apps	kmenuedit/icons/mini-raise.xpm	16x14	xpm-fallback
raise	48	apps	kmenuedit/icons/mini-raise.xpm	16x14	xpm-fallback
ray	16	apps	kmenuedit/icons/mini-ray.xpm	16x14	xpm-fallback
ray	22	apps	kmenuedit/icons/mini-ray.xpm	16x14	xpm-fallback
ray	24	apps	kmenuedit/icons/mini-ray.xpm	16x14	xpm-fallback
ray	32	apps	kmenuedit/icons/mini-ray.xpm	16x14	xpm-fallback
ray	48	apps	kmenuedit/icons/mini-ray.xpm	16x14	xpm-fallback
rball	16	apps	kmenuedit/icons/mini-rball.xpm	16x14	xpm-fallback
rball	22	apps	kmenuedit/icons/mini-rball.xpm	16x14	xpm-fallback
rball	24	apps	kmenuedit/icons/mini-rball.xpm	16x14	xpm-fallback
rball	32	apps	kmenuedit/icons/mini-rball.xpm	16x14	xpm-fallback
rball	48	apps	kmenuedit/icons/mini-rball.xpm	16x14	xpm-fallback
readme	16	apps	pics/readme.xpm	32x32	xpm-fallback
readme	22	apps	pics/readme.xpm	32x32	xpm-fallback
readme	24	apps	pics/readme.xpm	32x32	xpm-fallback
readme	32	apps	pics/readme.xpm	32x32	xpm-fallback
readme	48	apps	pics/readme.xpm	32x32	xpm-fallback
readonly	16	apps	pics/readonly.xpm	32x32	xpm-fallback
readonly	22	apps	pics/readonly.xpm	32x32	xpm-fallback
readonly	24	apps	pics/readonly.xpm	32x32	xpm-fallback
readonly	32	apps	pics/readonly.xpm	32x32	xpm-fallback
readonly	48	apps	pics/readonly.xpm	32x32	xpm-fallback
reload	16	actions	pics/toolbar/reload.xpm	22x22	pillow
reload	22	actions	pics/toolbar/reload.xpm	22x22	pillow
reload	24	actions	pics/toolbar/reload.xpm	22x22	pillow
reload	32	actions	pics/toolbar/reload.xpm	22x22	pillow
reload	48	actions	pics/toolbar/reload.xpm	22x22	pillow
resize	16	apps	kmenuedit/icons/mini-resize.xpm	16x14	xpm-fallback
resize	22	apps	kmenuedit/icons/mini-resize.xpm	16x14	xpm-fallback
resize	24	apps	kmenuedit/icons/mini-resize.xpm	16x14	xpm-fallback
resize	32	apps	kmenuedit/icons/mini-resize.xpm	16x14	xpm-fallback
resize	48	apps	kmenuedit/icons/mini-resize.xpm	16x14	xpm-fallback
rightjust	16	actions	pics/toolbar/rightjust.xpm	22x22	pillow
rightjust	22	actions	pics/toolbar/rightjust.xpm	22x22	pillow
rightjust	24	actions	pics/toolbar/rightjust.xpm	22x22	pillow
rightjust	32	actions	pics/toolbar/rightjust.xpm	22x22	pillow
rightjust	48	actions	pics/toolbar/rightjust.xpm	22x22	pillow
roach	16	apps	kmenuedit/icons/mini-roach.xpm	16x14	xpm-fallback
roach	22	apps	kmenuedit/icons/mini-roach.xpm	16x14	xpm-fallback
roach	24	apps	kmenuedit/icons/mini-roach.xpm	16x14	xpm-fallback
roach	32	apps	kmenuedit/icons/mini-roach.xpm	16x14	xpm-fallback
roach	48	apps	kmenuedit/icons/mini-roach.xpm	16x14	xpm-fallback
root	16	apps	kdm/pics/root.xpm	64x64	xpm-fallback
root	22	apps	kdm/pics/root.xpm	64x64	xpm-fallback
root	24	apps	kdm/pics/root.xpm	64x64	xpm-fallback
root	32	apps	kdm/pics/root.xpm	64x64	xpm-fallback
root	48	apps	kdm/pics/root.xpm	64x64	xpm-fallback
root2	16	apps	kdm/pics/root2.xpm	49x47	xpm-fallback
root2	22	apps	kdm/pics/root2.xpm	49x47	xpm-fallback
root2	24	apps	kdm/pics/root2.xpm	49x47	xpm-fallback
root2	32	apps	kdm/pics/root2.xpm	49x47	xpm-fallback
root2	48	apps	kdm/pics/root2.xpm	49x47	xpm-fallback
run	16	actions	kmenuedit/icons/mini-run.xpm	16x14	xpm-fallback
run	22	actions	kmenuedit/icons/mini-run.xpm	16x14	xpm-fallback
run	24	actions	kmenuedit/icons/mini-run.xpm	16x14	xpm-fallback
run	32	actions	kmenuedit/icons/mini-run.xpm	16x14	xpm-fallback
run	48	actions	kmenuedit/icons/mini-run.xpm	16x14	xpm-fallback
s-src	16	apps	pics/s_src.xpm	32x32	xpm-fallback
s-src	22	apps	pics/s_src.xpm	32x32	xpm-fallback
s-src	24	apps	pics/s_src.xpm	32x32	xpm-fallback
s-src	32	apps	pics/s_src.xpm	32x32	xpm-fallback
s-src	48	apps	pics/s_src.xpm	32x32	xpm-fallback
save	16	actions	kfind/pics/save.xpm	22x22	pillow
save	22	actions	kfind/pics/save.xpm	22x22	pillow
save	24	actions	kfind/pics/save.xpm	22x22	pillow
save	32	actions	kfind/pics/save.xpm	22x22	pillow
save	48	actions	kfind/pics/save.xpm	22x22	pillow
sh	16	apps	kmenuedit/icons/mini-sh.xpm	16x14	xpm-fallback
sh	22	apps	kmenuedit/icons/mini-sh.xpm	16x14	xpm-fallback
sh	24	apps	kmenuedit/icons/mini-sh.xpm	16x14	xpm-fallback
sh	32	apps	kmenuedit/icons/mini-sh.xpm	16x14	xpm-fallback
sh	48	apps	kmenuedit/icons/mini-sh.xpm	16x14	xpm-fallback
sh1	16	apps	kmenuedit/icons/mini-sh1.xpm	16x14	xpm-fallback
sh1	22	apps	kmenuedit/icons/mini-sh1.xpm	16x14	xpm-fallback
sh1	24	apps	kmenuedit/icons/mini-sh1.xpm	16x14	xpm-fallback
sh1	32	apps	kmenuedit/icons/mini-sh1.xpm	16x14	xpm-fallback
sh1	48	apps	kmenuedit/icons/mini-sh1.xpm	16x14	xpm-fallback
slon	16	apps	kmenuedit/icons/mini-slon.xpm	16x14	xpm-fallback
slon	22	apps	kmenuedit/icons/mini-slon.xpm	16x14	xpm-fallback
slon	24	apps	kmenuedit/icons/mini-slon.xpm	16x14	xpm-fallback
slon	32	apps	kmenuedit/icons/mini-slon.xpm	16x14	xpm-fallback
slon	48	apps	kmenuedit/icons/mini-slon.xpm	16x14	xpm-fallback
sound	16	mimetypes	pics/sound.xpm	32x32	xpm-fallback
sound	22	mimetypes	pics/sound.xpm	32x32	xpm-fallback
sound	24	mimetypes	pics/sound.xpm	32x32	xpm-fallback
sound	32	mimetypes	pics/sound.xpm	32x32	xpm-fallback
sound	48	mimetypes	pics/sound.xpm	32x32	xpm-fallback
start	16	actions	pics/toolbar/start.xpm	22x22	pillow
start	22	actions	pics/toolbar/start.xpm	22x22	pillow
start	24	actions	pics/toolbar/start.xpm	22x22	pillow
start	32	actions	pics/toolbar/start.xpm	22x22	pillow
start	48	actions	pics/toolbar/start.xpm	22x22	pillow
stop	16	actions	kmenuedit/icons/mini-stop.xpm	16x14	xpm-fallback
stop	22	actions	pics/toolbar/stop.xpm	22x22	xpm-fallback
stop	24	actions	pics/toolbar/stop.xpm	22x22	xpm-fallback
stop	32	actions	pics/toolbar/stop.xpm	22x22	xpm-fallback
stop	48	actions	pics/toolbar/stop.xpm	22x22	xpm-fallback
stopsign	16	apps	kfm/pics/stopsign.xpm	32x32	xpm-fallback
stopsign	22	apps	kfm/pics/stopsign.xpm	32x32	xpm-fallback
stopsign	24	apps	kfm/pics/stopsign.xpm	32x32	xpm-fallback
stopsign	32	apps	kfm/pics/stopsign.xpm	32x32	xpm-fallback
stopsign	48	apps	kfm/pics/stopsign.xpm	32x32	xpm-fallback
term	16	apps	kmenuedit/icons/mini-term.xpm	16x14	pillow
term	22	apps	kmenuedit/icons/mini-term.xpm	16x14	pillow
term	24	apps	kmenuedit/icons/mini-term.xpm	16x14	pillow
term	32	apps	kmenuedit/icons/mini-term.xpm	16x14	pillow
term	48	apps	kmenuedit/icons/mini-term.xpm	16x14	pillow
tetris	16	apps	kmenuedit/icons/mini-tetris.xpm	16x14	xpm-fallback
tetris	22	apps	kmenuedit/icons/mini-tetris.xpm	16x14	xpm-fallback
tetris	24	apps	kmenuedit/icons/mini-tetris.xpm	16x14	xpm-fallback
tetris	32	apps	kmenuedit/icons/mini-tetris.xpm	16x14	xpm-fallback
tetris	48	apps	kmenuedit/icons/mini-tetris.xpm	16x14	xpm-fallback
tex	16	apps	pics/tex.xpm	32x32	xpm-fallback
tex	22	apps	pics/tex.xpm	32x32	xpm-fallback
tex	24	apps	pics/tex.xpm	32x32	xpm-fallback
tex	32	apps	pics/tex.xpm	32x32	xpm-fallback
tex	48	apps	pics/tex.xpm	32x32	xpm-fallback
tgz	16	apps	pics/tgz.xpm	32x32	xpm-fallback
tgz	22	apps	pics/tgz.xpm	32x32	xpm-fallback
tgz	24	apps	pics/tgz.xpm	32x32	xpm-fallback
tgz	32	apps	pics/tgz.xpm	32x32	xpm-fallback
tgz	48	apps	pics/tgz.xpm	32x32	xpm-fallback
tick	16	actions	pics/toolbar/tick.xpm	22x22	pillow
tick	22	actions	pics/toolbar/tick.xpm	22x22	pillow
tick	24	actions	pics/toolbar/tick.xpm	22x22	pillow
tick	32	actions	pics/toolbar/tick.xpm	22x22	pillow
tick	48	actions	pics/toolbar/tick.xpm	22x22	pillow
top	16	actions	pics/toolbar/top.xpm	22x22	pillow
top	22	actions	pics/toolbar/top.xpm	22x22	pillow
top	24	actions	pics/toolbar/top.xpm	22x22	pillow
top	32	actions	pics/toolbar/top.xpm	22x22	pillow
top	48	actions	pics/toolbar/top.xpm	22x22	pillow
trash	16	places	pics/trash.xpm	32x32	xpm-fallback
trash	22	places	pics/trash.xpm	32x32	xpm-fallback
trash	24	places	pics/trash.xpm	32x32	xpm-fallback
trash	32	places	pics/trash.xpm	32x32	xpm-fallback
trash	48	places	pics/trash.xpm	32x32	xpm-fallback
turn	16	apps	kmenuedit/icons/mini-turn.xpm	16x14	xpm-fallback
turn	22	apps	kmenuedit/icons/mini-turn.xpm	16x14	xpm-fallback
turn	24	apps	kmenuedit/icons/mini-turn.xpm	16x14	xpm-fallback
turn	32	apps	kmenuedit/icons/mini-turn.xpm	16x14	xpm-fallback
turn	48	apps	kmenuedit/icons/mini-turn.xpm	16x14	xpm-fallback
txt	16	apps	pics/txt.xpm	32x32	xpm-fallback
txt	22	apps	pics/txt.xpm	32x32	xpm-fallback
txt	24	apps	pics/txt.xpm	32x32	xpm-fallback
txt	32	apps	pics/txt.xpm	32x32	xpm-fallback
txt	48	apps	pics/txt.xpm	32x32	xpm-fallback
unix	16	apps	kvt/UNIX.xpm	48x48	xpm-fallback
unix	22	apps	kvt/UNIX.xpm	48x48	xpm-fallback
unix	24	apps	kvt/UNIX.xpm	48x48	xpm-fallback
unix	32	apps	kvt/UNIX.xpm	48x48	xpm-fallback
unix	48	apps	kvt/UNIX.xpm	48x48	xpm-fallback
unknown	16	apps	pics/unknown.xpm	32x32	xpm-fallback
unknown	22	apps	pics/unknown.xpm	32x32	xpm-fallback
unknown	24	apps	pics/unknown.xpm	32x32	xpm-fallback
unknown	32	apps	pics/unknown.xpm	32x32	xpm-fallback
unknown	48	apps	pics/unknown.xpm	32x32	xpm-fallback
unzip	16	apps	pics/unzip.xpm	32x32	xpm-fallback
unzip	22	apps	pics/unzip.xpm	32x32	xpm-fallback
unzip	24	apps	pics/unzip.xpm	32x32	xpm-fallback
unzip	32	apps	pics/unzip.xpm	32x32	xpm-fallback
unzip	48	apps	pics/unzip.xpm	32x32	xpm-fallback
up	16	actions	kmenuedit/icons/mini-up.xpm	14x16	pillow
up	22	actions	pics/toolbar/up.xpm	22x22	pillow
up	24	actions	pics/toolbar/up.xpm	22x22	pillow
up	32	actions	pics/toolbar/up.xpm	22x22	pillow
up	48	actions	pics/toolbar/up.xpm	22x22	pillow
video	16	mimetypes	pics/video.xpm	32x32	xpm-fallback
video	22	mimetypes	pics/video.xpm	32x32	xpm-fallback
video	24	mimetypes	pics/video.xpm	32x32	xpm-fallback
video	32	mimetypes	pics/video.xpm	32x32	xpm-fallback
video	48	mimetypes	pics/video.xpm	32x32	xpm-fallback
viewmag	16	actions	pics/toolbar/viewmag-.xpm	22x22	pillow
viewmag	22	actions	pics/toolbar/viewmag-.xpm	22x22	pillow
viewmag	24	actions	pics/toolbar/viewmag-.xpm	22x22	pillow
viewmag	32	actions	pics/toolbar/viewmag-.xpm	22x22	pillow
viewmag	48	actions	pics/toolbar/viewmag-.xpm	22x22	pillow
viewmag+	16	actions	pics/toolbar/viewmag+.xpm	22x22	pillow
viewmag+	22	actions	pics/toolbar/viewmag+.xpm	22x22	pillow
viewmag+	24	actions	pics/toolbar/viewmag+.xpm	22x22	pillow
viewmag+	32	actions	pics/toolbar/viewmag+.xpm	22x22	pillow
viewmag+	48	actions	pics/toolbar/viewmag+.xpm	22x22	pillow
viewzoom	16	actions	pics/toolbar/viewzoom.xpm	22x22	pillow
viewzoom	22	actions	pics/toolbar/viewzoom.xpm	22x22	pillow
viewzoom	24	actions	pics/toolbar/viewzoom.xpm	22x22	pillow
viewzoom	32	actions	pics/toolbar/viewzoom.xpm	22x22	pillow
viewzoom	48	actions	pics/toolbar/viewzoom.xpm	22x22	pillow
windows	16	apps	kmenuedit/icons/mini-windows.xpm	16x14	xpm-fallback
windows	22	apps	kmenuedit/icons/mini-windows.xpm	16x14	xpm-fallback
windows	24	apps	kmenuedit/icons/mini-windows.xpm	16x14	xpm-fallback
windows	32	apps	kmenuedit/icons/mini-windows.xpm	16x14	xpm-fallback
windows	48	apps	kmenuedit/icons/mini-windows.xpm	16x14	xpm-fallback
www	16	apps	pics/www.xpm	32x32	xpm-fallback
www	22	apps	pics/www.xpm	32x32	xpm-fallback
www	24	apps	pics/www.xpm	32x32	xpm-fallback
www	32	apps	pics/www.xpm	32x32	xpm-fallback
www	48	apps	pics/www.xpm	32x32	xpm-fallback
x	16	apps	kmenuedit/icons/mini-x.xpm	16x14	xpm-fallback
x	22	apps	kmenuedit/icons/mini-x.xpm	16x14	xpm-fallback
x	24	apps	kmenuedit/icons/mini-x.xpm	16x14	xpm-fallback
x	32	apps	kmenuedit/icons/mini-x.xpm	16x14	xpm-fallback
x	48	apps	kmenuedit/icons/mini-x.xpm	16x14	xpm-fallback
x2	16	apps	kmenuedit/icons/mini-x2.xpm	16x14	xpm-fallback
x2	22	apps	kmenuedit/icons/mini-x2.xpm	16x14	xpm-fallback
x2	24	apps	kmenuedit/icons/mini-x2.xpm	16x14	xpm-fallback
x2	32	apps	kmenuedit/icons/mini-x2.xpm	16x14	xpm-fallback
x2	48	apps	kmenuedit/icons/mini-x2.xpm	16x14	xpm-fallback
xmahjongg	16	apps	kmenuedit/icons/mini-xmahjongg.xpm	16x14	xpm-fallback
xmahjongg	22	apps	kmenuedit/icons/mini-xmahjongg.xpm	16x14	xpm-fallback
xmahjongg	24	apps	kmenuedit/icons/mini-xmahjongg.xpm	16x14	xpm-fallback
xmahjongg	32	apps	kmenuedit/icons/mini-xmahjongg.xpm	16x14	xpm-fallback
xmahjongg	48	apps	kmenuedit/icons/mini-xmahjongg.xpm	16x14	xpm-fallback
xv	16	apps	kmenuedit/icons/mini-xv.xpm	16x14	pillow
xv	22	apps	kmenuedit/icons/mini-xv.xpm	16x14	pillow
xv	24	apps	kmenuedit/icons/mini-xv.xpm	16x14	pillow
xv	32	apps	kmenuedit/icons/mini-xv.xpm	16x14	pillow
xv	48	apps	kmenuedit/icons/mini-xv.xpm	16x14	pillow
y-src	16	apps	pics/y_src.xpm	32x32	xpm-fallback
y-src	22	apps	pics/y_src.xpm	32x32	xpm-fallback
y-src	24	apps	pics/y_src.xpm	32x32	xpm-fallback
y-src	32	apps	pics/y_src.xpm	32x32	xpm-fallback
y-src	48	apps	pics/y_src.xpm	32x32	xpm-fallback
zip-mount	16	apps	pics/zip_mount.xpm	32x32	xpm-fallback
zip-mount	22	apps	pics/zip_mount.xpm	32x32	xpm-fallback
zip-mount	24	apps	pics/zip_mount.xpm	32x32	xpm-fallback
zip-mount	32	apps	pics/zip_mount.xpm	32x32	xpm-fallback
zip-mount	48	apps	pics/zip_mount.xpm	32x32	xpm-fallback
zip-unmount	16	apps	pics/zip_unmount.xpm	32x32	xpm-fallback
zip-unmount	22	apps	pics/zip_unmount.xpm	32x32	xpm-fallback
zip-unmount	24	apps	pics/zip_unmount.xpm	32x32	xpm-fallback
zip-unmount	32	apps	pics/zip_unmount.xpm	32x32	xpm-fallback
zip-unmount	48	apps	pics/zip_unmount.xpm	32x32	xpm-fallback
zoom	16	apps	kmenuedit/icons/mini-zoom.xpm	16x14	xpm-fallback
zoom	22	apps	kmenuedit/icons/mini-zoom.xpm	16x14	xpm-fallback
zoom	24	apps	kmenuedit/icons/mini-zoom.xpm	16x14	xpm-fallback
zoom	32	apps	kmenuedit/icons/mini-zoom.xpm	16x14	xpm-fallback
zoom	48	apps	kmenuedit/icons/mini-zoom.xpm	16x14	xpm-fallback
