kind	name	date	commit	tree	sha256	path	widget_style
color	Atlas Green	1998-03-22	2f8b9c0aa60181331f96f7178e896994e2947803	ce04e0f3444ca6fa44d58e5b3421abfb22dadaa6	3b9e27655c0517b2dc87cdb760c00caa88c34d739061c8e24e710b7fc41a8779	kcontrol/display/kcs/AtlasGreen.kcsrc	classic
color	Blue Slate	1998-03-22	2f8b9c0aa60181331f96f7178e896994e2947803	ce04e0f3444ca6fa44d58e5b3421abfb22dadaa6	322f79099f41153d5d44c724c0b13cc466568d189c8ff1d09a508bea3f6d9a03	kcontrol/display/kcs/BlueSlate.kcsrc	classic
color	CDE	1998-03-22	2f8b9c0aa60181331f96f7178e896994e2947803	ce04e0f3444ca6fa44d58e5b3421abfb22dadaa6	d9a1a2037af9eff7138ce87a5ced3793cefae4b8bbbba85ef473eea3ab2dabdd	kcontrol/display/kcs/CDE.kcsrc	motif
color	Desert Red	1998-03-22	2f8b9c0aa60181331f96f7178e896994e2947803	ce04e0f3444ca6fa44d58e5b3421abfb22dadaa6	e99bc91722d8e9773d715b4d0ac1e1685f682ae04ca6a0148e09e8b0955ec628	kcontrol/display/kcs/DesertRed.kcsrc	classic
color	Digital CDE	1998-03-22	2f8b9c0aa60181331f96f7178e896994e2947803	ce04e0f3444ca6fa44d58e5b3421abfb22dadaa6	e274705c3c65929a0e544344259fdba47a7ad254aab4d2b0858e5d6d50887a5f	kcontrol/display/kcs/DigitalCDE.kcsrc	motif
color	Pale Gray	1998-03-22	2f8b9c0aa60181331f96f7178e896994e2947803	ce04e0f3444ca6fa44d58e5b3421abfb22dadaa6	d2d28bb5efad39a110f1ea817b82faa7827c6d26b9bb91ae656073de73a90a8c	kcontrol/display/kcs/PaleGray.kcsrc	classic
color	Solaris CDE	1998-03-22	2f8b9c0aa60181331f96f7178e896994e2947803	ce04e0f3444ca6fa44d58e5b3421abfb22dadaa6	f5f9831e5ba5c7b65657b507c0718346158309c32acd5bebdeb00526f6353fab	kcontrol/display/kcs/SolarisCDE.kcsrc	motif
color	Windows 95	1998-03-22	2f8b9c0aa60181331f96f7178e896994e2947803	ce04e0f3444ca6fa44d58e5b3421abfb22dadaa6	6231b8a2234e805c6b0f2188beb16ddb9579597658b06319a60218a7e6b87261	kcontrol/display/kcs/Windows95.kcsrc	classic
color	Autumn	1998-05-01	7151e9ad1a96063d1f7f9cc4c7e636327fd45e2f	e69e4a19a6ef82b7c7003cdb70d8513824bd97a2	ff01f0cd0bb8bb56de12e23f1515acbb4d3c6e4648284dc29df20b4041388f70	kcontrol/display/kcs/Autumn.kcsrc	classic
color	BeOS	1998-05-01	7151e9ad1a96063d1f7f9cc4c7e636327fd45e2f	e69e4a19a6ef82b7c7003cdb70d8513824bd97a2	30f9129597ccc2267a3cb738db82ede3aae171859e3a35e2a0c3d7cc940c6896	kcontrol/display/kcs/BeOS.kcsrc	classic
color	Storm	1998-05-01	7151e9ad1a96063d1f7f9cc4c7e636327fd45e2f	e69e4a19a6ef82b7c7003cdb70d8513824bd97a2	9de11500ba001901c96a30a364bb18cc45551009a0f13af5f72ef53f27ab339d	kcontrol/display/kcs/Storm.kcsrc	classic
color	Pumpkin	1998-05-01	988d31893d2df53b016ad206dcff75019f414559	1f5a4914bfb23d06b00d6a14f98974ac8ce158a3	08654346fac05917215b8f65bdcd6baa2516d19cacbf479be68ebd9d0dd06f92	kcontrol/display/kcs/Pumpkin.kcsrc	classic
theme	Default	1998-12-03	46d6972b9716dcf26e0d483c9427b522b087fe51	c6ffdfcd47e3f4ce687c9f8c033df49c51517bee	a0019a1d6c082c31abb42b0e3a64731825652ddf359ea210fd7da58ea5cfd2ea	kcontrol/thememgr/Themes/Default.tar.gz	classic
theme	MacOS	1998-12-03	46d6972b9716dcf26e0d483c9427b522b087fe51	c6ffdfcd47e3f4ce687c9f8c033df49c51517bee	18baba3052fd0cdb6efeb88d0e9902708f8abec6a15e607c9f17273a14146666	kcontrol/thememgr/Themes/MacOS.tar.gz	classic
theme	Wood	1998-12-03	46d6972b9716dcf26e0d483c9427b522b087fe51	c6ffdfcd47e3f4ce687c9f8c033df49c51517bee	acbd0a082b6a664f70b73bfb26536040575a7b2ca8197279f91dc7f55296dfc4	kcontrol/thememgr/Themes/Wood.tar.gz	classic
theme	MGBreizh	1998-12-19	a04f4597e5ed31cd73b37d7827cc77cf3b4cdecb	6f54250b0164d7e17526c35f61d235858881499e	f0d8aa079893b86adedfbf0596aa04f9ab1d35c91afef9a694dd85c20bfd9f4b	kcontrol/thememgr/Themes/MGBreizh	classic
theme	Nostalgy	1999-07-25	71c58bd0bebb8607997c705a73defc63e7fd331c	fa25ea3507df46733b99aae73dc31ca2ccdec9db	cf312c780b242da2acdbd878520460c9fcaf3bc75b35041066eb6adb6cc136b2	kcontrol/thememgr/Themes/Nostalgy	classic
theme	Glax	1999-08-22	16d2768f54faae4482412964617ad53e74a48da7	5e9fe70a845f30383e88d0a803985806dc41614c	3a66de797d626de3f5ef2256ad5eb7099f88d9330507aa7c6efced49962cb7ff	kcontrol/thememgr/Themes/Glax	classic
theme	Astronique	1999-08-23	9c35b820a745a986578b26b8c2a224d5e5f37185	77f71a34f9a69190269b04ae17072f85e68bcab0	ca9d8c9c08f78aa9153dc69590f35f5fc4af341ee8ac69dba28654faae9e2d84	kcontrol/thememgr/Themes/Astronique	classic
theme	Bryce	1999-09-06	987ccd8805474a5c1ff604283682f26e2fed2c5d	f15e7ba53f58a7432225e4ce84ee9ab938b7f9b3	816059609b3de9b05f6c09936e114266a27446387d182d3eb783d793258da351	kcontrol/thememgr/Themes/Bryce	classic
